1.8,18
1.8,21
2,20
2,21
2.8,16
2.8,18
3.1,18
1.8,18
1.8,16
2,20
2,19
2.8,15
2.8,17
3.1,17
3.1,15
2.8,15
3.1,17
4.2,16
5.3,14
5.3,11
5.3,14
5.7,13
6,12
5.7,16
5.7,15
6.2,16
6.2,15
7,15
5.3,14
5.3,11
5.7,11
6.5,14
2.4,19
2.4,22
3.1,18
3.5,18
3.6,17
2.4,18
3,17
3.3,16
3.3,16
3.3,17
3.3,17
3.3,11
3.8,15
3.8,15
3.8,16
4,16
3.7,15
3.7,14
3.9,13
3.9,14
4.7,14
4.7,14
4.7,9
5.2,11
5.2,11
3.9,13
4.7,13
4.7,9
4.7,13
5.2,11
5.7,13
5.9,11
4.7,12
4.7,9
4.7,13
4.7,13
4.7,12
4.7,9
5.2,11
5.2,11
5.7,13
5.9,11
4.6,11
5.4,11
5.4,12
4,14
4,15
4,14
4,13
4.6,13
5,13
4.2,14
4.2,14
4.6,13
4.6,13
4.6,13
5.4,11
5.4,13
3.8,18
3.8,18
4,17
4,16
4.6,15
4.6,15
4.6,15
4.6,15
5.4,14
1.6,28
1.6,24
1.6,25
1.6,23
1.6,24
1.8,26
1.8,25
1.8,24
2,21
2.4,18
2.4,18
2.4,21
2.4,21
2.5,18
2.5,18
3.3,19
2,19
2,19
2,20
2,20
2.7,17
2.7,16
2.7,17
3,17
3.7,15
4,15
4.7,14
4.7,9
4.7,14
5.7,13
6.1,11
4,11
4.2,12
4.4,12
4.6,11
5.4,11
5.4,11
5.4,12
4,14
4,13
4.6,13
5,13
2.4,21
2.4,19
2.5,23
2.5,23
3.5,19
3.5,19
3,18
3,19
3.5,19
3.3,14
3.3,15
4,14
5.6,12
3.1,18
3.8,16
3.8,17
3.8,18
5.3,16
2.5,18
2.5,18
2.5,20
2.5,19
2.5,20
2.5,18
2.2,21
2.2,19
2.5,19
2.5,19
2.5,20
2.5,20
2.5,19
2.5,20
2.7,15
2.7,16
3.4,15
3.4,15
4,16
4.7,14
2.2,21
2.2,21
2.4,21
2.4,21
3,18
3,18
3.5,19
2.2,21
2.2,21
2.4,21
2.4,22
3,18
3,18
3.3,18
1.8,24
1.8,24
1.8,26
1.8,28
1.8,26
4.7,11
5.7,13
2.7,15
2.7,16
2.7,17
3.4,15
3.4,15
4,15
4,16
2,21
2,19
2,21
2,22
2.8,17
1.9,33
2,21
2,19
2,22
2,21
2.5,21
2.5,21
2.8,16
2.8,17
1.9,35
1.9,29
2,21
2,19
2.5,20
2.5,20
1.8,21
1.8,18
2,19
2,21
2.8,16
2.8,18
3.6,17
